TraceID,Activity,Time
T0,Q,1664802380.0
T0,H,1664805532.0
T0,Q,1664806119.0
T0,X,1664811178.0
T1,D,1664801392.0
T1,H,1664805778.0
T1,S,1664806125.0
T1,X,1664806157.0
T1,G,1664809353.0
T1,H,1664809829.0
T1,O,1664811577.0
T2,Y,1664802269.0
T2,Q,1664804718.0
T2,Y,1664805652.0
T2,P,1664806435.0
T2,Q,1664808728.0
T2,L,1664809158.0
T2,Q,1664809703.0
T2,K,1664811622.0
T3,N,1664801907.0
T3,X,1664802731.0
T3,T,1664803106.0
T3,J,1664806520.0
T3,B,1664807425.0
T3,W,1664807545.0
T3,J,1664808495.0
T3,D,1664809295.0
T4,L,1664802046.0
T4,M,1664802806.0
T4,B,1664809395.0
T4,T,1664810206.0
T4,W,1664810390.0
T4,B,1664810709.0
T4,S,1664810711.0
T4,R,1664810961.0
T5,X,1664803794.0
T5,F,1664806292.0
T5,B,1664806817.0
T5,C,1664808871.0
T5,F,1664809010.0
T5,Z,1664809474.0
T5,E,1664811643.0
T6,B,1664802847.0
T6,O,1664804324.0
T6,I,1664804669.0
T6,M,1664805165.0
T6,T,1664805694.0
T6,R,1664809271.0
T6,T,1664809373.0
T6,B,1664810112.0
T6,E,1664810833.0
T7,S,1664802747.0
T7,I,1664802954.0
T7,Z,1664804761.0
T7,Z,1664804940.0
T7,Z,1664805180.0
T7,A,1664808151.0
T7,B,1664808534.0
T8,Y,1664805173.0
T8,P,1664805366.0
T8,H,1664805699.0
T8,Y,1664810265.0
T8,M,1664811131.0
T9,B,1664802407.0
T9,Q,1664804178.0
T9,X,1664804471.0
T9,M,1664806231.0
T9,N,1664808724.0
T9,S,1664810591.0
T9,N,1664811008.0
T10,W,1664801983.0
T10,N,1664803781.0
T10,K,1664805827.0
T10,D,1664806213.0
T10,R,1664806289.0
T11,T,1664801187.0
T11,L,1664803059.0
T11,Y,1664803361.0
T11,U,1664804332.0
T11,G,1664805467.0
T11,H,1664805606.0
T11,Q,1664806581.0
T11,N,1664807079.0
T11,U,1664811419.0
T12,P,1664801323.0
T12,U,1664802246.0
T12,M,1664802527.0
T12,H,1664803436.0
T12,U,1664805714.0
T12,X,1664805907.0
T12,U,1664807271.0
T12,L,1664809649.0
T12,S,1664810724.0
T13,K,1664802085.0
T13,T,1664802593.0
T13,J,1664804011.0
T13,U,1664804138.0
T13,Z,1664806821.0
T13,E,1664810478.0
T14,M,1664801096.0
T14,R,1664802939.0
T14,S,1664803274.0
T14,G,1664808794.0
T14,J,1664809234.0
T14,O,1664810240.0
T15,D,1664801984.0
T15,X,1664803474.0
T15,D,1664805108.0
T15,M,1664806261.0
T15,O,1664807530.0
T15,U,1664808555.0
T15,Q,1664810537.0
T15,K,1664810845.0
T16,E,1664801925.0
T16,Z,1664805482.0
T16,W,1664806355.0
T16,L,1664807417.0
T16,W,1664807855.0
T16,G,1664810579.0
T17,P,1664802608.0
T17,W,1664804353.0
T17,G,1664806466.0
T17,H,1664806842.0
T17,S,1664811085.0
T18,H,1664801924.0
T18,R,1664803410.0
T18,N,1664803684.0
T18,A,1664808848.0
T18,R,1664811729.0
T19,J,1664803295.0
T19,S,1664804984.0
T19,Z,1664805282.0
T19,R,1664806515.0
T19,Q,1664808976.0
T19,L,1664809434.0
T20,D,1664804246.0
T20,V,1664805520.0
T20,U,1664806415.0
T20,I,1664808685.0
T20,Y,1664809345.0
T20,H,1664810098.0
T20,L,1664810660.0
T20,B,1664811525.0
T21,H,1664804443.0
T21,V,1664804455.0
T21,W,1664805042.0
T21,H,1664805476.0
T21,D,1664807303.0
T21,J,1664810062.0
T21,E,1664810126.0
T21,Z,1664811348.0
T21,D,1664811432.0
T22,J,1664803105.0
T22,T,1664803889.0
T22,S,1664804128.0
T22,Q,1664808086.0
T22,B,1664810152.0
T22,X,1664811432.0
T23,R,1664801216.0
T23,A,1664804742.0
T23,B,1664805675.0
T23,Y,1664805895.0
T23,E,1664806210.0
T23,Q,1664807376.0
T23,F,1664807660.0
T23,Z,1664808133.0
T23,Y,1664811020.0
T24,O,1664802747.0
T24,E,1664802801.0
T24,P,1664806749.0
T24,W,1664807290.0
T24,E,1664807972.0
T24,L,1664808719.0
T24,Q,1664811684.0
T25,I,1664802042.0
T25,F,1664802557.0
T25,B,1664803362.0
T25,R,1664803589.0
T25,B,1664803623.0
T25,I,1664804869.0
T25,F,1664807247.0
T25,Y,1664809846.0
T25,F,1664809996.0
T26,O,1664802352.0
T26,K,1664803677.0
T26,J,1664804346.0
T26,H,1664804415.0
T26,L,1664805344.0
T26,K,1664807078.0
T26,X,1664809754.0
T26,O,1664809852.0
T26,U,1664811502.0
T27,S,1664801454.0
T27,I,1664804491.0
T27,F,1664805153.0
T27,G,1664808885.0
T27,T,1664810966.0
T28,I,1664802519.0
T28,B,1664802714.0
T28,P,1664803244.0
T28,G,1664804242.0
T28,H,1664806921.0
T28,U,1664810119.0
T28,N,1664810423.0
T28,J,1664811031.0
T29,K,1664801867.0
T29,D,1664805075.0
T29,O,1664807542.0
T29,Q,1664811370.0
T29,V,1664811758.0
T30,H,1664803624.0
T30,S,1664806613.0
T30,X,1664808922.0
T30,Z,1664809797.0
T30,C,1664811024.0
T31,R,1664801874.0
T31,N,1664802750.0
T31,Y,1664806753.0
T31,M,1664808060.0
T31,M,1664809617.0
T31,P,1664811661.0
T32,E,1664801392.0
T32,Z,1664802981.0
T32,X,1664804080.0
T32,V,1664809043.0
T32,X,1664809466.0
T32,V,1664811095.0
T32,U,1664811213.0
T32,P,1664811848.0
T33,H,1664801298.0
T33,S,1664802109.0
T33,K,1664802643.0
T33,M,1664804134.0
T33,F,1664804528.0
T33,I,1664804886.0
T33,Z,1664811645.0
T34,K,1664802433.0
T34,B,1664804376.0
T34,P,1664805175.0
T34,M,1664807033.0
T34,G,1664810061.0
T35,W,1664801226.0
T35,D,1664801420.0
T35,M,1664802707.0
T35,L,1664804805.0
T35,L,1664805036.0
T35,T,1664805427.0
T35,O,1664806239.0
T35,N,1664807504.0
T35,F,1664808221.0
T36,J,1664805615.0
T36,Z,1664806777.0
T36,G,1664806977.0
T36,E,1664807472.0
T36,K,1664807756.0
T36,G,1664807918.0
T36,U,1664809640.0
T36,M,1664810440.0
T36,P,1664811491.0
T37,F,1664801070.0
T37,M,1664802116.0
T37,O,1664803803.0
T37,A,1664804245.0
T37,O,1664806104.0
T37,W,1664810047.0
T38,B,1664801899.0
T38,K,1664803709.0
T38,H,1664805231.0
T38,N,1664805393.0
T38,W,1664807170.0
T38,P,1664808764.0
T38,L,1664810251.0
T39,E,1664803991.0
T39,H,1664804030.0
T39,M,1664807623.0
T39,E,1664808551.0
T39,Q,1664810663.0
T39,C,1664811056.0
T39,L,1664811640.0
T39,H,1664811656.0
T40,V,1664801571.0
T40,O,1664802348.0
T40,H,1664804530.0
T40,B,1664804730.0
T40,U,1664805756.0
T40,W,1664806295.0
T40,I,1664808440.0
T40,V,1664810268.0
T40,G,1664811799.0
T41,N,1664805957.0
T41,K,1664806806.0
T41,Q,1664807393.0
T41,R,1664807561.0
T41,C,1664811079.0
T42,J,1664801516.0
T42,U,1664808845.0
T42,O,1664809117.0
T42,Q,1664809124.0
T42,V,1664810294.0
T42,X,1664811577.0
T42,W,1664811649.0
T43,N,1664801871.0
T43,O,1664802592.0
T43,C,1664804367.0
T43,Q,1664805383.0
T43,D,1664805810.0
T43,T,1664806384.0
T43,C,1664808707.0
T43,O,1664809279.0
T43,Z,1664810325.0
T44,E,1664801850.0
T44,J,1664802231.0
T44,J,1664803080.0
T44,G,1664803751.0
T44,G,1664804411.0
T44,R,1664805509.0
T44,Z,1664807491.0
T44,K,1664807608.0
T45,E,1664801261.0
T45,Y,1664802246.0
T45,H,1664802868.0
T45,N,1664803796.0
T45,Q,1664809676.0
T45,Z,1664809761.0
T45,J,1664810963.0
T45,B,1664811452.0
T46,V,1664801252.0
T46,H,1664801845.0
T46,T,1664803015.0
T46,W,1664805116.0
T46,C,1664805310.0
T46,D,1664806748.0
T46,Y,1664806968.0
T46,O,1664809295.0
T47,Z,1664803816.0
T47,Z,1664804671.0
T47,L,1664805077.0
T47,Q,1664805197.0
T47,R,1664809123.0
T47,X,1664810821.0
T47,P,1664811664.0
T48,O,1664801060.0
T48,S,1664802100.0
T48,B,1664802398.0
T48,X,1664802656.0
T48,C,1664805021.0
T48,O,1664806220.0
T49,C,1664804147.0
T49,J,1664805076.0
T49,N,1664806477.0
T49,N,1664807408.0
T49,W,1664808806.0
T49,D,1664810025.0
T49,S,1664810226.0
T50,Q,1664801101.0
T50,E,1664801430.0
T50,A,1664802432.0
T50,K,1664806840.0
T50,T,1664809554.0
T50,F,1664809774.0
T50,R,1664809897.0
T51,K,1664801235.0
T51,J,1664803324.0
T51,P,1664804139.0
T51,K,1664808696.0
T51,N,1664808776.0
T51,H,1664811589.0
T52,L,1664801474.0
T52,D,1664807696.0
T52,N,1664807757.0
T52,U,1664808581.0
T52,O,1664808654.0
T52,K,1664810176.0
T52,F,1664810600.0
T52,U,1664810672.0
T52,T,1664811472.0
T53,M,1664803636.0
T53,V,1664806146.0
T53,P,1664809298.0
T53,T,1664810018.0
T53,N,1664811372.0
T53,G,1664811636.0
T54,U,1664801696.0
T54,N,1664803400.0
T54,E,1664804625.0
T54,F,1664806451.0
T54,V,1664808602.0
T54,Y,1664810035.0
T54,J,1664810338.0
T55,M,1664802940.0
T55,M,1664804007.0
T55,W,1664806673.0
T55,L,1664808009.0
T55,D,1664808155.0
T55,C,1664808194.0
T55,Q,1664810178.0
T55,M,1664811520.0
T56,K,1664801240.0
T56,Y,1664801489.0
T56,N,1664801590.0
T56,K,1664802139.0
T56,K,1664804599.0
T56,E,1664806504.0
T56,P,1664806913.0
T56,Z,1664809230.0
T56,N,1664809644.0
T57,Z,1664801515.0
T57,M,1664802061.0
T57,T,1664802153.0
T57,L,1664802816.0
T57,Q,1664803577.0
T57,U,1664806123.0
T57,E,1664807308.0
T57,P,1664808905.0
T57,B,1664809047.0
T58,H,1664802612.0
T58,S,1664803333.0
T58,G,1664803638.0
T58,C,1664805971.0
T58,O,1664806099.0
T58,I,1664807484.0
T58,T,1664807554.0
T58,J,1664808382.0
T59,B,1664806421.0
T59,H,1664806732.0
T59,Q,1664807109.0
T59,I,1664808610.0
T59,I,1664809856.0
T59,U,1664811544.0
T60,G,1664801114.0
T60,U,1664803947.0
T60,I,1664804069.0
T60,A,1664804193.0
T60,B,1664804745.0
T60,N,1664807830.0
T60,E,1664810424.0
T60,Q,1664810434.0
T60,Q,1664811041.0
T61,Y,1664801670.0
T61,E,1664804945.0
T61,O,1664806347.0
T61,P,1664807256.0
T61,R,1664807633.0
T61,L,1664809463.0
T61,V,1664810696.0
T61,G,1664810762.0
T61,T,1664811543.0
T62,W,1664803292.0
T62,F,1664804901.0
T62,U,1664805668.0
T62,D,1664806246.0
T62,D,1664806493.0
T62,Z,1664806514.0
T62,M,1664807975.0
T62,A,1664809138.0
T63,M,1664801347.0
T63,K,1664804970.0
T63,T,1664805060.0
T63,K,1664806048.0
T63,P,1664807927.0
T63,P,1664809996.0
T63,D,1664810625.0
T63,Z,1664811172.0
T64,C,1664802093.0
T64,W,1664802630.0
T64,C,1664803561.0
T64,E,1664804420.0
T64,E,1664805992.0
T64,L,1664806042.0
T64,B,1664806916.0
T65,C,1664802331.0
T65,I,1664802886.0
T65,J,1664805717.0
T65,S,1664808560.0
T65,Y,1664808943.0
T65,S,1664809799.0
T65,O,1664811469.0
T66,O,1664802944.0
T66,M,1664804804.0
T66,T,1664805259.0
T66,U,1664805265.0
T66,L,1664806143.0
T66,B,1664810349.0
T66,M,1664810922.0
T67,D,1664803621.0
T67,G,1664805555.0
T67,O,1664805978.0
T67,N,1664806913.0
T67,I,1664807976.0
T68,R,1664804311.0
T68,V,1664805030.0
T68,B,1664805478.0
T68,J,1664807486.0
T68,M,1664807729.0
T68,T,1664807986.0
T68,G,1664810640.0
T68,C,1664811198.0
T69,B,1664801994.0
T69,M,1664802673.0
T69,E,1664804745.0
T69,C,1664805323.0
T69,E,1664806418.0
T69,U,1664809620.0
T69,X,1664810054.0
T69,M,1664810180.0
T69,R,1664811450.0
T70,A,1664804688.0
T70,Z,1664806468.0
T70,U,1664806978.0
T70,S,1664809892.0
T70,O,1664810876.0
T71,N,1664803630.0
T71,F,1664804110.0
T71,S,1664804313.0
T71,L,1664805146.0
T71,E,1664805172.0
T71,U,1664805198.0
T71,P,1664809191.0
T71,T,1664810073.0
T72,O,1664802840.0
T72,S,1664803179.0
T72,F,1664804788.0
T72,I,1664805028.0
T72,X,1664805443.0
T72,O,1664805479.0
T72,S,1664810055.0
T72,Y,1664811496.0
T73,A,1664805468.0
T73,Y,1664805741.0
T73,Y,1664807487.0
T73,T,1664809678.0
T73,Y,1664811385.0
T74,Y,1664806354.0
T74,A,1664806667.0
T74,U,1664806722.0
T74,M,1664809771.0
T74,R,1664810341.0
T75,T,1664801541.0
T75,N,1664801681.0
T75,U,1664803500.0
T75,E,1664803666.0
T75,T,1664804974.0
T75,Z,1664809045.0
T75,T,1664811693.0
T76,G,1664803476.0
T76,R,1664804390.0
T76,G,1664805304.0
T76,N,1664805329.0
T76,N,1664805546.0
T76,J,1664807682.0
T77,U,1664802719.0
T77,X,1664803521.0
T77,Z,1664805116.0
T77,L,1664805689.0
T77,W,1664806661.0
T77,G,1664811721.0
T78,H,1664801534.0
T78,X,1664801840.0
T78,X,1664804690.0
T78,X,1664805645.0
T78,P,1664808093.0
T78,Z,1664808603.0
T78,W,1664809151.0
T78,X,1664810104.0
T79,P,1664801849.0
T79,E,1664802847.0
T79,W,1664803899.0
T79,P,1664808079.0
T79,C,1664808994.0
T79,D,1664810052.0
T79,W,1664810152.0
T79,C,1664811172.0
T80,T,1664803159.0
T80,S,1664803447.0
T80,Q,1664803589.0
T80,D,1664804302.0
T80,B,1664805451.0
T80,S,1664808473.0
T80,G,1664808760.0
T80,X,1664811557.0
T81,C,1664804210.0
T81,S,1664804812.0
T81,V,1664805018.0
T81,R,1664805197.0
T81,L,1664806450.0
T81,S,1664810310.0
T81,O,1664811097.0
T82,O,1664801537.0
T82,P,1664801768.0
T82,U,1664803493.0
T82,W,1664806257.0
T82,V,1664809500.0
T82,C,1664809840.0
T83,Q,1664801556.0
T83,N,1664802070.0
T83,D,1664802279.0
T83,Y,1664802313.0
T83,R,1664809745.0
T84,N,1664801373.0
T84,V,1664801637.0
T84,M,1664801777.0
T84,T,1664809757.0
T84,D,1664811588.0
T85,Y,1664804207.0
T85,P,1664804943.0
T85,F,1664805554.0
T85,O,1664807103.0
T85,A,1664809794.0
T86,X,1664801274.0
T86,N,1664801304.0
T86,G,1664801687.0
T86,K,1664804614.0
T86,O,1664804772.0
T86,O,1664805463.0
T86,U,1664810502.0
T87,Y,1664801070.0
T87,Y,1664801527.0
T87,S,1664801662.0
T87,O,1664801821.0
T87,Q,1664803577.0
T87,W,1664806454.0
T87,J,1664808896.0
T87,J,1664809651.0
T88,Y,1664803104.0
T88,O,1664803504.0
T88,Q,1664803886.0
T88,B,1664805928.0
T88,Y,1664809255.0
T88,W,1664810218.0
T89,X,1664802533.0
T89,S,1664803266.0
T89,V,1664803573.0
T89,X,1664804441.0
T89,H,1664806219.0
T89,P,1664807093.0
T90,R,1664804413.0
T90,T,1664804768.0
T90,R,1664806675.0
T90,P,1664807811.0
T90,R,1664808716.0
T90,O,1664808742.0
T90,P,1664808748.0
T90,Z,1664809976.0
T90,M,1664810041.0
T91,J,1664801388.0
T91,T,1664803162.0
T91,X,1664803222.0
T91,B,1664804824.0
T91,G,1664807129.0
T91,T,1664808268.0
T91,L,1664809567.0
T92,E,1664801622.0
T92,D,1664802610.0
T92,M,1664802680.0
T92,I,1664803212.0
T92,W,1664806859.0
T92,L,1664807196.0
T92,C,1664807482.0
T92,Y,1664808159.0
T93,P,1664801844.0
T93,J,1664803632.0
T93,E,1664805726.0
T93,R,1664806059.0
T93,N,1664808557.0
T93,K,1664809152.0
T93,T,1664810726.0
T93,G,1664810793.0
T94,P,1664801088.0
T94,S,1664801568.0
T94,R,1664802504.0
T94,J,1664805531.0
T94,K,1664809104.0
T94,J,1664809174.0
T94,I,1664809931.0
T94,O,1664809984.0
T95,X,1664801081.0
T95,G,1664804210.0
T95,D,1664806027.0
T95,Z,1664806736.0
T95,L,1664808147.0
T95,X,1664808317.0
T95,R,1664810512.0
T96,P,1664801076.0
T96,N,1664806022.0
T96,G,1664806060.0
T96,N,1664806200.0
T96,S,1664806348.0
T96,U,1664807297.0
T96,M,1664811826.0
T97,X,1664802116.0
T97,S,1664803289.0
T97,H,1664804218.0
T97,L,1664805945.0
T97,L,1664808440.0
T97,U,1664808751.0
T97,H,1664810774.0
T97,E,1664810870.0
T98,G,1664801071.0
T98,H,1664804904.0
T98,E,1664810331.0
T98,X,1664811115.0
T98,C,1664811397.0
T99,F,1664802516.0
T99,W,1664804975.0
T99,S,1664806468.0
T99,Q,1664807532.0
T99,X,1664810191.0
T99,K,1664811407.0
T99,B,1664811697.0
T99,A,1664811757.0
T100,S,1664802697.0
T100,Q,1664802753.0
T100,G,1664803067.0
T100,X,1664803182.0
T100,S,1664803742.0
T100,C,1664804606.0
T100,U,1664804955.0
T100,M,1664805797.0
T100,R,1664810809.0
T101,W,1664806109.0
T101,P,1664806534.0
T101,J,1664809974.0
T101,K,1664811050.0
T101,B,1664811475.0
T102,C,1664805474.0
T102,E,1664806645.0
T102,C,1664807994.0
T102,S,1664808443.0
T102,K,1664809356.0
T103,O,1664805667.0
T103,V,1664806690.0
T103,F,1664809639.0
T103,I,1664809843.0
T103,I,1664810716.0
T103,R,1664811498.0
T104,U,1664805455.0
T104,A,1664805938.0
T104,E,1664806583.0
T104,C,1664807409.0
T104,W,1664811224.0
T105,V,1664806137.0
T105,M,1664806692.0
T105,U,1664808199.0
T105,O,1664810382.0
T105,Y,1664810387.0
T106,A,1664803119.0
T106,P,1664803190.0
T106,I,1664805057.0
T106,E,1664805683.0
T106,S,1664807502.0
T106,R,1664808099.0
T106,X,1664809180.0
T106,J,1664809450.0
T107,T,1664804061.0
T107,C,1664806499.0
T107,P,1664806776.0
T107,E,1664808605.0
T107,Y,1664811150.0
T108,R,1664805557.0
T108,F,1664807390.0
T108,N,1664807400.0
T108,U,1664807585.0
T108,C,1664811167.0
T109,O,1664801105.0
T109,W,1664804828.0
T109,Y,1664806272.0
T109,M,1664806764.0
T109,P,1664807969.0
T109,D,1664809768.0
T109,Z,1664809981.0
T109,P,1664810216.0
T109,Q,1664810279.0
T110,H,1664802508.0
T110,W,1664804633.0
T110,A,1664805333.0
T110,F,1664805420.0
T110,W,1664806121.0
T110,V,1664807977.0
T110,C,1664809067.0
T111,C,1664802964.0
T111,H,1664804731.0
T111,E,1664805760.0
T111,R,1664805901.0
T111,K,1664806044.0
T111,O,1664806756.0
T111,R,1664808136.0
T112,P,1664802387.0
T112,V,1664805653.0
T112,N,1664807135.0
T112,K,1664808605.0
T112,N,1664809310.0
T112,K,1664811145.0
T112,V,1664811298.0
T113,H,1664801853.0
T113,U,1664802122.0
T113,X,1664802530.0
T113,Y,1664804409.0
T113,C,1664806689.0
T113,E,1664810368.0
T114,W,1664801257.0
T114,I,1664801579.0
T114,B,1664803897.0
T114,S,1664807696.0
T114,R,1664810629.0
T114,M,1664811385.0
T114,B,1664811743.0
T115,F,1664801968.0
T115,I,1664802106.0
T115,R,1664802727.0
T115,Y,1664803223.0
T115,E,1664810150.0
T116,Q,1664805344.0
T116,C,1664806478.0
T116,I,1664808871.0
T116,K,1664809414.0
T116,Z,1664809428.0
T116,A,1664810578.0
T116,L,1664811215.0
T117,C,1664803752.0
T117,C,1664806254.0
T117,B,1664808429.0
T117,W,1664809571.0
T117,V,1664810966.0
T117,T,1664811449.0
T118,N,1664805157.0
T118,R,1664805333.0
T118,N,1664810812.0
T118,L,1664810923.0
T118,U,1664811212.0
T119,H,1664801528.0
T119,Q,1664802513.0
T119,Y,1664803582.0
T119,N,1664803612.0
T119,Y,1664809735.0
T119,H,1664809813.0
T120,J,1664802417.0
T120,I,1664804283.0
T120,H,1664805079.0
T120,S,1664806107.0
T120,I,1664810121.0
T120,N,1664810190.0
T120,W,1664810377.0
T121,N,1664801066.0
T121,C,1664801571.0
T121,J,1664801866.0
T121,X,1664802092.0
T121,T,1664802488.0
T121,O,1664802765.0
T121,Y,1664806156.0
T121,W,1664807226.0
T121,I,1664811545.0
T122,E,1664802108.0
T122,Y,1664802792.0
T122,M,1664803494.0
T122,H,1664805603.0
T122,L,1664805664.0
T122,N,1664807317.0
T122,S,1664807703.0
T123,V,1664801438.0
T123,N,1664801569.0
T123,F,1664804522.0
T123,J,1664805576.0
T123,K,1664805686.0
T123,Q,1664807519.0
T123,L,1664810081.0
T123,E,1664810094.0
T123,L,1664811137.0
T124,C,1664801941.0
T124,X,1664802350.0
T124,Q,1664804859.0
T124,L,1664806108.0
T124,F,1664806299.0
T124,R,1664807789.0
T124,M,1664811853.0
T125,Z,1664804245.0
T125,W,1664804357.0
T125,L,1664804694.0
T125,V,1664808590.0
T125,H,1664809208.0
T125,I,1664809623.0
T126,L,1664801135.0
T126,T,1664801601.0
T126,Z,1664803100.0
T126,Z,1664803231.0
T126,N,1664803285.0
T126,R,1664803729.0
T126,Q,1664806331.0
T126,H,1664811205.0
T127,C,1664804421.0
T127,D,1664805397.0
T127,J,1664805898.0
T127,H,1664806939.0
T127,V,1664808509.0
T128,A,1664802529.0
T128,L,1664806244.0
T128,T,1664806258.0
T128,S,1664806728.0
T128,H,1664808377.0
T128,O,1664808667.0
T128,X,1664808844.0
T128,F,1664809867.0
T128,O,1664810892.0
T129,K,1664802888.0
T129,A,1664803886.0
T129,V,1664805011.0
T129,G,1664805753.0
T129,E,1664805753.0
T129,K,1664811429.0
T130,I,1664801336.0
T130,J,1664801387.0
T130,P,1664801537.0
T130,P,1664804138.0
T130,P,1664807236.0
T130,N,1664811013.0
T131,B,1664802477.0
T131,U,1664802709.0
T131,S,1664803453.0
T131,J,1664804580.0
T131,L,1664807209.0
T131,I,1664809951.0
T132,D,1664803807.0
T132,S,1664804961.0
T132,S,1664807683.0
T132,C,1664808490.0
T132,O,1664811349.0
T132,M,1664811557.0
T133,I,1664802109.0
T133,N,1664804563.0
T133,Q,1664805464.0
T133,A,1664806731.0
T133,O,1664807700.0
T133,C,1664807805.0
T133,B,1664807836.0
T133,F,1664810572.0
T133,A,1664811146.0
T134,E,1664802488.0
T134,Y,1664802864.0
T134,G,1664803016.0
T134,L,1664803716.0
T134,L,1664805372.0
T134,F,1664806743.0
T134,M,1664806813.0
T134,I,1664808870.0
T134,R,1664809515.0
T135,H,1664802299.0
T135,Z,1664804117.0
T135,E,1664805029.0
T135,F,1664805187.0
T135,W,1664808080.0
T135,P,1664808504.0
T135,L,1664811556.0
T136,C,1664803246.0
T136,A,1664803878.0
T136,N,1664804455.0
T136,X,1664806127.0
T136,P,1664807178.0
T136,Y,1664808778.0
T137,T,1664801737.0
T137,K,1664803517.0
T137,T,1664803795.0
T137,U,1664804760.0
T137,G,1664805897.0
T138,C,1664803720.0
T138,S,1664804337.0
T138,F,1664806919.0
T138,R,1664808793.0
T138,I,1664810486.0
T139,P,1664803744.0
T139,M,1664805637.0
T139,H,1664805898.0
T139,F,1664806367.0
T139,W,1664809926.0
T139,J,1664810444.0
T140,Q,1664801584.0
T140,E,1664803869.0
T140,A,1664805968.0
T140,Y,1664806891.0
T140,B,1664808359.0
T140,S,1664809299.0
T140,K,1664810625.0
T140,R,1664811524.0
T141,G,1664802100.0
T141,I,1664802908.0
T141,W,1664804762.0
T141,M,1664806540.0
T141,P,1664808874.0
T141,K,1664809773.0
T141,G,1664810671.0
T141,H,1664810808.0
T142,U,1664802787.0
T142,V,1664803133.0
T142,B,1664803533.0
T142,O,1664804024.0
T142,I,1664807405.0
T142,Y,1664807877.0
T142,A,1664808971.0
T142,F,1664809955.0
T142,F,1664810288.0
T143,R,1664803738.0
T143,F,1664804277.0
T143,Z,1664804864.0
T143,X,1664805466.0
T143,W,1664806127.0
T143,D,1664806554.0
T143,Z,1664807953.0
T143,Q,1664811372.0
T143,G,1664811653.0
T144,P,1664801090.0
T144,T,1664806460.0
T144,G,1664809525.0
T144,M,1664809527.0
T144,N,1664809982.0
T144,A,1664810765.0
T145,Q,1664803007.0
T145,H,1664803162.0
T145,J,1664807017.0
T145,L,1664807267.0
T145,J,1664808992.0
T145,U,1664810098.0
T145,N,1664811555.0
T145,O,1664811871.0
T146,Q,1664802197.0
T146,V,1664803306.0
T146,Y,1664803564.0
T146,Z,1664803953.0
T146,E,1664804418.0
T146,G,1664806569.0
T146,S,1664807157.0
T147,W,1664801132.0
T147,Z,1664801438.0
T147,F,1664803083.0
T147,I,1664803617.0
T147,X,1664804669.0
T147,J,1664807431.0
T147,F,1664807864.0
T147,J,1664811501.0
T148,Q,1664805971.0
T148,O,1664809146.0
T148,Z,1664809766.0
T148,J,1664810305.0
T148,P,1664810614.0
T149,N,1664804603.0
T149,V,1664805148.0
T149,L,1664806899.0
T149,U,1664807241.0
T149,E,1664807823.0
T149,T,1664808140.0
T149,N,1664808517.0
T149,Q,1664809176.0
T149,K,1664810828.0
T150,J,1664801239.0
T150,T,1664807280.0
T150,F,1664807476.0
T150,Q,1664810520.0
T150,D,1664810735.0
T151,P,1664802200.0
T151,Z,1664802936.0
T151,C,1664805603.0
T151,A,1664806019.0
T151,U,1664807244.0
T151,P,1664807583.0
T151,A,1664811476.0
T151,J,1664811723.0
T152,G,1664802790.0
T152,S,1664803929.0
T152,S,1664805037.0
T152,O,1664806009.0
T152,D,1664809886.0
T152,B,1664811095.0
T153,R,1664803091.0
T153,R,1664804571.0
T153,M,1664804661.0
T153,V,1664806754.0
T153,A,1664808193.0
T153,X,1664810019.0
T153,R,1664811139.0
T153,I,1664811291.0
T153,G,1664811678.0
T154,Z,1664801328.0
T154,J,1664802392.0
T154,G,1664805508.0
T154,V,1664808422.0
T154,Z,1664808614.0
T155,W,1664802524.0
T155,X,1664804968.0
T155,J,1664805877.0
T155,S,1664806609.0
T155,K,1664807770.0
T155,D,1664809746.0
T155,I,1664810111.0
T155,S,1664810407.0
T155,J,1664810741.0
T156,V,1664801951.0
T156,I,1664805222.0
T156,O,1664805286.0
T156,D,1664806733.0
T156,M,1664809157.0
T157,O,1664801332.0
T157,D,1664803376.0
T157,Z,1664804578.0
T157,T,1664806086.0
T157,X,1664807004.0
T157,O,1664809327.0
T157,L,1664809959.0
T157,R,1664810157.0
T158,T,1664801172.0
T158,F,1664802125.0
T158,U,1664808054.0
T158,T,1664808630.0
T158,D,1664810739.0
T158,X,1664811038.0
T158,X,1664811260.0
T158,D,1664811570.0
T159,T,1664801321.0
T159,K,1664801889.0
T159,A,1664802794.0
T159,I,1664804833.0
T159,C,1664805489.0
T159,N,1664806428.0
T159,N,1664809818.0
T160,R,1664801221.0
T160,V,1664802322.0
T160,W,1664803481.0
T160,C,1664809839.0
T160,G,1664811649.0
T161,W,1664802760.0
T161,K,1664807694.0
T161,F,1664808786.0
T161,H,1664808889.0
T161,H,1664808903.0
T161,I,1664811661.0
T162,V,1664801831.0
T162,O,1664803186.0
T162,Z,1664803858.0
T162,Y,1664807477.0
T162,T,1664807763.0
T162,A,1664809456.0
T162,K,1664809654.0
T163,W,1664801736.0
T163,W,1664806397.0
T163,L,1664808388.0
T163,F,1664809350.0
T163,T,1664810215.0
T163,L,1664811860.0
T164,G,1664802856.0
T164,J,1664804142.0
T164,V,1664804537.0
T164,L,1664809709.0
T164,L,1664811853.0
T165,G,1664804477.0
T165,T,1664805187.0
T165,P,1664806533.0
T165,K,1664806924.0
T165,C,1664807366.0
T165,L,1664808130.0
T165,D,1664808690.0
T165,L,1664808809.0
T165,S,1664810037.0
T166,Q,1664803482.0
T166,J,1664803812.0
T166,Y,1664805278.0
T166,E,1664805609.0
T166,S,1664805780.0
T166,T,1664806876.0
T166,J,1664808601.0
T167,A,1664802124.0
T167,D,1664803462.0
T167,C,1664806567.0
T167,Z,1664807976.0
T167,U,1664808789.0
T167,O,1664810501.0
T168,P,1664803537.0
T168,R,1664803669.0
T168,O,1664803951.0
T168,E,1664804395.0
T168,O,1664805070.0
T168,Y,1664805551.0
T168,Y,1664810222.0
T168,F,1664810257.0
T169,M,1664801665.0
T169,F,1664801674.0
T169,H,1664802030.0
T169,E,1664804416.0
T169,L,1664806920.0
T169,C,1664808057.0
T169,D,1664809724.0
T169,J,1664810057.0
T170,Z,1664801739.0
T170,D,1664801953.0
T170,U,1664805364.0
T170,B,1664808272.0
T170,F,1664810784.0
T171,S,1664804389.0
T171,T,1664804644.0
T171,E,1664805165.0
T171,B,1664806132.0
T171,Y,1664807136.0
T171,E,1664808164.0
T171,N,1664810791.0
T172,P,1664801449.0
T172,J,1664802625.0
T172,Z,1664803762.0
T172,J,1664804446.0
T172,B,1664805733.0
T172,Q,1664806605.0
T172,J,1664807507.0
T173,Y,1664805175.0
T173,B,1664807016.0
T173,V,1664810156.0
T173,W,1664810513.0
T173,G,1664810737.0
T174,D,1664802622.0
T174,A,1664802936.0
T174,I,1664803375.0
T174,B,1664803439.0
T174,V,1664803475.0
T174,J,1664808186.0
T175,L,1664802538.0
T175,I,1664803095.0
T175,S,1664803554.0
T175,K,1664804449.0
T175,O,1664805039.0
T175,R,1664807501.0
T175,S,1664808717.0
T175,H,1664810445.0
T175,J,1664811630.0
T176,N,1664802183.0
T176,E,1664805139.0
T176,X,1664805159.0
T176,S,1664806955.0
T176,T,1664807232.0
T176,B,1664808252.0
T176,V,1664808466.0
T177,N,1664801091.0
T177,I,1664801195.0
T177,E,1664801483.0
T177,T,1664803337.0
T177,W,1664807925.0
T177,Z,1664809847.0
T178,S,1664805844.0
T178,Y,1664805946.0
T178,I,1664806999.0
T178,Z,1664807170.0
T178,H,1664809727.0
T178,T,1664809927.0
T179,R,1664801379.0
T179,I,1664804041.0
T179,L,1664805001.0
T179,A,1664805368.0
T179,V,1664805817.0
T179,D,1664808236.0
T179,L,1664808302.0
T180,B,1664801260.0
T180,H,1664803564.0
T180,N,1664803587.0
T180,U,1664806765.0
T180,R,1664808788.0
T180,F,1664809223.0
T180,T,1664809382.0
T180,B,1664809840.0
T181,I,1664801499.0
T181,F,1664801890.0
T181,F,1664804470.0
T181,P,1664804604.0
T181,E,1664807399.0
T181,H,1664807544.0
T181,D,1664808134.0
T181,R,1664808934.0
T181,G,1664809583.0
T182,H,1664805115.0
T182,Q,1664808107.0
T182,K,1664809075.0
T182,A,1664809176.0
T182,A,1664810190.0
T183,B,1664803408.0
T183,W,1664806148.0
T183,Q,1664807583.0
T183,S,1664809085.0
T183,E,1664810821.0
T184,Q,1664803053.0
T184,F,1664803408.0
T184,Y,1664803523.0
T184,P,1664806253.0
T184,S,1664807818.0
T184,L,1664808110.0
T184,G,1664809423.0
T185,O,1664801480.0
T185,A,1664804155.0
T185,C,1664804219.0
T185,G,1664805647.0
T185,K,1664809607.0
T186,P,1664803195.0
T186,H,1664803713.0
T186,N,1664808004.0
T186,A,1664809573.0
T186,H,1664811337.0
T187,R,1664801403.0
T187,R,1664803583.0
T187,F,1664807130.0
T187,B,1664810235.0
T187,C,1664811255.0
T188,L,1664804074.0
T188,D,1664805777.0
T188,U,1664807201.0
T188,K,1664810909.0
T188,M,1664811353.0
T189,R,1664801401.0
T189,R,1664804097.0
T189,X,1664805778.0
T189,Z,1664808556.0
T189,T,1664809002.0
T189,O,1664809757.0
T189,Z,1664810111.0
T189,Z,1664811413.0
T190,A,1664802159.0
T190,Y,1664804570.0
T190,T,1664805963.0
T190,O,1664806334.0
T190,E,1664807735.0
T191,Y,1664802755.0
T191,L,1664805123.0
T191,P,1664805761.0
T191,J,1664806452.0
T191,Q,1664809227.0
T191,R,1664811092.0
T191,Z,1664811831.0
T192,H,1664801395.0
T192,Y,1664802105.0
T192,D,1664806933.0
T192,U,1664807105.0
T192,N,1664807497.0
T192,I,1664807500.0
T192,A,1664810236.0
T192,V,1664810603.0
T192,D,1664810917.0
T193,X,1664801984.0
T193,D,1664803384.0
T193,Z,1664807809.0
T193,O,1664809360.0
T193,R,1664810931.0
T194,I,1664802624.0
T194,R,1664802936.0
T194,K,1664803340.0
T194,P,1664803676.0
T194,Q,1664806729.0
T194,M,1664807062.0
T194,Y,1664811032.0
T194,L,1664811840.0
T195,R,1664801110.0
T195,J,1664806044.0
T195,K,1664806831.0
T195,T,1664807524.0
T195,V,1664808048.0
T195,Z,1664810183.0
T195,A,1664811399.0
T196,A,1664803208.0
T196,V,1664803569.0
T196,L,1664807797.0
T196,G,1664810003.0
T196,T,1664811224.0
T197,D,1664801885.0
T197,F,1664804351.0
T197,W,1664805629.0
T197,D,1664806062.0
T197,V,1664807786.0
T197,G,1664808657.0
T197,T,1664808778.0
T197,X,1664809788.0
T197,Q,1664811605.0
T198,Q,1664802475.0
T198,X,1664803452.0
T198,T,1664805229.0
T198,Z,1664807221.0
T198,K,1664807955.0
T198,J,1664810596.0
T198,T,1664810810.0
T198,F,1664811533.0
T199,X,1664801994.0
T199,Q,1664802925.0
T199,H,1664803105.0
T199,K,1664803478.0
T199,B,1664804410.0
T199,D,1664806356.0
T200,V,1664801448.0
T200,P,1664801638.0
T200,K,1664801974.0
T200,N,1664802412.0
T200,V,1664803035.0
T200,J,1664804153.0
T200,R,1664806859.0
T200,S,1664811264.0
T200,X,1664811496.0
T201,H,1664806057.0
T201,V,1664808239.0
T201,D,1664808350.0
T201,Q,1664809717.0
T201,D,1664810904.0
T202,J,1664802980.0
T202,O,1664803585.0
T202,D,1664807053.0
T202,L,1664807209.0
T202,N,1664807754.0
T202,K,1664808002.0
T202,Y,1664810260.0
T202,H,1664810511.0
T202,B,1664811455.0
T203,J,1664801620.0
T203,R,1664802865.0
T203,V,1664804541.0
T203,K,1664805729.0
T203,R,1664806154.0
T203,O,1664806225.0
T203,Y,1664806828.0
T203,W,1664808788.0
T203,K,1664809732.0
T204,F,1664801338.0
T204,O,1664803065.0
T204,P,1664805641.0
T204,M,1664808635.0
T204,Y,1664809217.0
T205,I,1664801111.0
T205,K,1664802337.0
T205,Z,1664803055.0
T205,F,1664803200.0
T205,D,1664804799.0
T205,F,1664804870.0
T205,I,1664805788.0
T205,I,1664808284.0
T205,X,1664811550.0
T206,B,1664804349.0
T206,E,1664804822.0
T206,W,1664806281.0
T206,F,1664809494.0
T206,M,1664809702.0
T206,X,1664809792.0
T206,T,1664810827.0
T206,N,1664811323.0
T207,M,1664801713.0
T207,X,1664802658.0
T207,L,1664803012.0
T207,S,1664803125.0
T207,R,1664803751.0
T207,F,1664805618.0
T207,T,1664806838.0
T207,Y,1664810907.0
T207,U,1664810944.0
T208,I,1664803875.0
T208,F,1664804278.0
T208,F,1664806319.0
T208,T,1664807136.0
T208,U,1664807179.0
T208,L,1664809399.0
T209,Z,1664803330.0
T209,X,1664805562.0
T209,U,1664807653.0
T209,Y,1664808329.0
T209,T,1664808936.0
T209,T,1664811410.0
T209,Q,1664811658.0
T209,V,1664811697.0
T210,L,1664801723.0
T210,X,1664802151.0
T210,Q,1664805249.0
T210,K,1664807850.0
T210,I,1664808204.0
T210,H,1664811185.0
T210,X,1664811490.0
T210,H,1664811843.0
T211,V,1664801642.0
T211,D,1664801860.0
T211,Y,1664802785.0
T211,M,1664807134.0
T211,U,1664807500.0
T211,F,1664808281.0
T212,O,1664802853.0
T212,K,1664804196.0
T212,X,1664804582.0
T212,E,1664806213.0
T212,H,1664807893.0
T213,B,1664801816.0
T213,W,1664802407.0
T213,V,1664803665.0
T213,Z,1664804399.0
T213,S,1664810778.0
T214,D,1664804404.0
T214,E,1664804637.0
T214,X,1664805048.0
T214,C,1664806409.0
T214,H,1664808066.0
T214,O,1664810379.0
T214,K,1664810381.0
T215,H,1664804490.0
T215,K,1664806340.0
T215,U,1664807465.0
T215,K,1664808574.0
T215,S,1664810003.0
T215,E,1664810157.0
T215,M,1664810498.0
T216,E,1664801115.0
T216,J,1664802031.0
T216,J,1664802758.0
T216,K,1664803148.0
T216,N,1664811581.0
T217,Y,1664801569.0
T217,Y,1664805637.0
T217,M,1664806413.0
T217,L,1664807217.0
T217,A,1664807929.0
T217,G,1664807965.0
T217,W,1664808631.0
T217,S,1664809613.0
T218,A,1664801359.0
T218,X,1664803948.0
T218,K,1664806993.0
T218,G,1664807073.0
T218,K,1664809890.0
T219,A,1664801658.0
T219,J,1664803498.0
T219,I,1664805673.0
T219,V,1664807185.0
T219,K,1664808886.0
T219,K,1664810436.0
T219,G,1664811769.0
T220,I,1664803763.0
T220,L,1664803882.0
T220,X,1664806172.0
T220,O,1664807079.0
T220,N,1664807829.0
T220,N,1664810019.0
T220,J,1664811138.0
T221,J,1664803288.0
T221,B,1664806487.0
T221,I,1664806698.0
T221,N,1664808887.0
T221,M,1664810798.0
T221,T,1664811464.0
T222,W,1664801086.0
T222,X,1664803562.0
T222,L,1664804679.0
T222,D,1664805161.0
T222,M,1664811549.0
T223,C,1664801991.0
T223,M,1664802969.0
T223,P,1664803313.0
T223,M,1664805213.0
T223,C,1664805610.0
T223,J,1664805984.0
T223,L,1664807171.0
T223,C,1664807747.0
T223,A,1664809336.0
T224,K,1664801884.0
T224,X,1664804374.0
T224,B,1664804558.0
T224,P,1664804811.0
T224,W,1664805804.0
T224,R,1664806424.0
T224,S,1664809240.0
T224,V,1664809696.0
T224,X,1664809846.0
T225,W,1664801240.0
T225,M,1664801388.0
T225,I,1664803000.0
T225,J,1664804443.0
T225,I,1664806280.0
T225,A,1664810725.0
T225,L,1664811718.0
T226,N,1664801852.0
T226,B,1664803794.0
T226,S,1664807470.0
T226,A,1664808274.0
T226,O,1664808487.0
T227,Q,1664804090.0
T227,V,1664804762.0
T227,A,1664804859.0
T227,A,1664805247.0
T227,J,1664806138.0
T227,U,1664808329.0
T227,U,1664808770.0
T228,L,1664803131.0
T228,X,1664805052.0
T228,U,1664805261.0
T228,L,1664808655.0
T228,U,1664809719.0
T228,J,1664810475.0
T228,A,1664810741.0
T228,K,1664811016.0
T228,B,1664811764.0
T229,D,1664801379.0
T229,P,1664802987.0
T229,M,1664805373.0
T229,M,1664807244.0
T229,N,1664807289.0
T229,B,1664807527.0
T229,Q,1664810467.0
T229,C,1664811618.0
T230,X,1664803872.0
T230,E,1664805419.0
T230,U,1664806252.0
T230,C,1664809685.0
T230,O,1664810299.0
T230,D,1664810446.0
T230,R,1664811225.0
T230,K,1664811674.0
T231,P,1664806106.0
T231,P,1664807374.0
T231,G,1664808200.0
T231,I,1664809134.0
T231,E,1664809197.0
T232,O,1664801163.0
T232,K,1664803034.0
T232,H,1664803131.0
T232,S,1664803153.0
T232,L,1664809360.0
T232,G,1664809948.0
T232,O,1664811844.0
T233,W,1664805487.0
T233,C,1664805679.0
T233,W,1664805839.0
T233,I,1664806679.0
T233,Z,1664807961.0
T233,O,1664808846.0
T234,T,1664801605.0
T234,A,1664802015.0
T234,H,1664802456.0
T234,D,1664802782.0
T234,J,1664803768.0
T234,F,1664805684.0
T234,U,1664806934.0
T234,M,1664808578.0
T234,N,1664811624.0
T235,V,1664804776.0
T235,F,1664804779.0
T235,Y,1664808005.0
T235,T,1664809010.0
T235,F,1664811124.0
T236,D,1664804474.0
T236,J,1664805352.0
T236,W,1664807580.0
T236,D,1664809084.0
T236,O,1664810264.0
T236,U,1664811787.0
T237,O,1664802439.0
T237,W,1664803938.0
T237,J,1664804245.0
T237,L,1664808706.0
T237,E,1664808951.0
T237,M,1664809199.0
T237,K,1664809716.0
T237,W,1664810005.0
T237,T,1664811348.0
T238,P,1664803095.0
T238,E,1664808182.0
T238,B,1664808648.0
T238,N,1664809926.0
T238,F,1664811708.0
T239,S,1664801815.0
T239,R,1664802260.0
T239,Y,1664804153.0
T239,J,1664804998.0
T239,J,1664809696.0
T239,S,1664810360.0
T240,C,1664801522.0
T240,L,1664802084.0
T240,A,1664803267.0
T240,K,1664805971.0
T240,B,1664810106.0
T240,N,1664811586.0
T241,J,1664801398.0
T241,H,1664802098.0
T241,N,1664802662.0
T241,C,1664803023.0
T241,W,1664803079.0
T241,R,1664805130.0
T241,A,1664806329.0
T241,Y,1664807614.0
T241,B,1664808669.0
T242,E,1664803221.0
T242,E,1664803830.0
T242,C,1664803850.0
T242,W,1664805249.0
T242,M,1664807279.0
T242,E,1664810968.0
T242,D,1664811194.0
T242,D,1664811200.0
T243,Y,1664803329.0
T243,J,1664804681.0
T243,O,1664804699.0
T243,Y,1664804996.0
T243,M,1664805847.0
T243,V,1664807479.0
T243,L,1664807499.0
T243,A,1664807848.0
T243,X,1664810291.0
T244,V,1664802631.0
T244,S,1664804932.0
T244,H,1664805684.0
T244,Q,1664808046.0
T244,K,1664809464.0
T245,K,1664802960.0
T245,X,1664803941.0
T245,S,1664804467.0
T245,R,1664806449.0
T245,Q,1664810770.0
T246,W,1664803264.0
T246,W,1664803792.0
T246,W,1664804161.0
T246,Q,1664807227.0
T246,D,1664809477.0
T246,Y,1664810163.0
T247,O,1664802506.0
T247,T,1664803684.0
T247,U,1664803924.0
T247,D,1664804417.0
T247,J,1664808655.0
T247,W,1664810258.0
T247,U,1664810397.0
T247,U,1664810669.0
T248,V,1664802868.0
T248,Z,1664804775.0
T248,Q,1664805705.0
T248,V,1664806151.0
T248,C,1664807997.0
T248,N,1664810252.0
T248,B,1664810745.0
T248,Z,1664811325.0
T249,U,1664801623.0
T249,U,1664801910.0
T249,J,1664806367.0
T249,O,1664806504.0
T249,Z,1664807314.0
T249,L,1664809765.0
T249,N,1664810583.0
T249,K,1664811362.0
T249,J,1664811551.0
T250,D,1664802592.0
T250,A,1664804290.0
T250,O,1664804570.0
T250,M,1664804995.0
T250,L,1664808147.0
T250,G,1664809177.0
T250,J,1664809183.0
T250,T,1664811829.0
T251,E,1664801711.0
T251,Q,1664802189.0
T251,G,1664802787.0
T251,W,1664807236.0
T251,W,1664808558.0
T252,P,1664802701.0
T252,J,1664803797.0
T252,M,1664807436.0
T252,D,1664807583.0
T252,D,1664809043.0
T252,M,1664809702.0
T253,D,1664801920.0
T253,A,1664806746.0
T253,L,1664806812.0
T253,X,1664807113.0
T253,G,1664810186.0
T253,G,1664810473.0
T254,G,1664801321.0
T254,X,1664804327.0
T254,L,1664806609.0
T254,N,1664807953.0
T254,G,1664808955.0
T254,O,1664811879.0
T255,F,1664803957.0
T255,H,1664805703.0
T255,C,1664805930.0
T255,O,1664807430.0
T255,U,1664809307.0
T255,V,1664809483.0
T255,H,1664809919.0
T255,Z,1664810686.0
T256,E,1664804440.0
T256,X,1664805292.0
T256,S,1664806873.0
T256,R,1664807637.0
T256,C,1664807993.0
T256,M,1664810908.0
T256,J,1664811279.0
T257,A,1664802824.0
T257,Z,1664805214.0
T257,K,1664807379.0
T257,D,1664810102.0
T257,I,1664810186.0
T257,M,1664810956.0
T257,Y,1664811299.0
T257,V,1664811792.0
T258,W,1664801094.0
T258,J,1664801137.0
T258,W,1664802493.0
T258,M,1664803161.0
T258,G,1664804486.0
T259,U,1664804960.0
T259,P,1664805535.0
T259,B,1664805720.0
T259,G,1664806446.0
T259,I,1664809181.0
T259,K,1664809199.0
T259,F,1664810120.0
T259,F,1664811543.0
T259,B,1664811652.0
T260,Q,1664804701.0
T260,J,1664805643.0
T260,D,1664806040.0
T260,F,1664806479.0
T260,S,1664811446.0
T261,I,1664801689.0
T261,O,1664801801.0
T261,D,1664802144.0
T261,V,1664804599.0
T261,R,1664808385.0
T261,K,1664809399.0
T261,C,1664810482.0
T261,Q,1664811614.0
T262,F,1664801172.0
T262,D,1664802657.0
T262,S,1664804434.0
T262,D,1664805513.0
T262,I,1664806171.0
T262,T,1664807163.0
T262,O,1664807838.0
T262,T,1664809190.0
T262,U,1664809674.0
T263,D,1664806512.0
T263,X,1664807023.0
T263,S,1664807033.0
T263,M,1664808490.0
T263,A,1664810679.0
T264,I,1664801943.0
T264,O,1664802165.0
T264,I,1664802299.0
T264,S,1664805454.0
T264,F,1664809475.0
T264,V,1664811148.0
T264,O,1664811822.0
T265,M,1664805236.0
T265,V,1664805589.0
T265,O,1664805938.0
T265,D,1664806792.0
T265,J,1664808477.0
T265,P,1664808859.0
T265,H,1664809074.0
T265,K,1664809146.0
T265,C,1664810423.0
T266,H,1664801977.0
T266,J,1664806758.0
T266,Y,1664807053.0
T266,J,1664807071.0
T266,L,1664808466.0
T267,R,1664803287.0
T267,X,1664806613.0
T267,J,1664806908.0
T267,Q,1664807432.0
T267,R,1664808243.0
T267,C,1664809075.0
T267,B,1664809408.0
T268,D,1664802655.0
T268,A,1664805872.0
T268,E,1664808343.0
T268,J,1664808610.0
T268,A,1664808922.0
T268,L,1664809947.0
T268,M,1664810432.0
T269,Z,1664804652.0
T269,M,1664804670.0
T269,C,1664806357.0
T269,O,1664809979.0
T269,T,1664810659.0
T269,E,1664810784.0
T270,N,1664802759.0
T270,C,1664805285.0
T270,R,1664805432.0
T270,L,1664805810.0
T270,D,1664809496.0
T271,Y,1664802648.0
T271,L,1664803983.0
T271,Q,1664806835.0
T271,A,1664807430.0
T271,C,1664807782.0
T272,V,1664802387.0
T272,Y,1664804978.0
T272,T,1664808290.0
T272,C,1664809263.0
T272,J,1664810664.0
T272,V,1664811287.0
T273,E,1664801715.0
T273,S,1664805297.0
T273,A,1664805675.0
T273,A,1664805745.0
T273,G,1664808097.0
T273,A,1664811113.0
T274,L,1664802264.0
T274,Y,1664805603.0
T274,I,1664809442.0
T274,X,1664809452.0
T274,F,1664810376.0
T274,D,1664810982.0
T275,U,1664802447.0
T275,Y,1664804402.0
T275,V,1664804920.0
T275,G,1664805150.0
T275,A,1664805983.0
T275,I,1664806657.0
T275,J,1664809292.0
T275,Y,1664811351.0
T275,Y,1664811521.0
T276,A,1664802477.0
T276,D,1664805155.0
T276,U,1664805598.0
T276,T,1664805677.0
T276,Q,1664805947.0
T276,L,1664806737.0
T276,G,1664808358.0
T276,W,1664808578.0
T276,O,1664809960.0
T277,M,1664801729.0
T277,G,1664808301.0
T277,Q,1664810151.0
T277,Z,1664810697.0
T277,C,1664811059.0
T277,O,1664811108.0
T278,J,1664802415.0
T278,U,1664803115.0
T278,K,1664803526.0
T278,P,1664805739.0
T278,Q,1664807721.0
T279,F,1664804522.0
T279,P,1664805124.0
T279,U,1664808427.0
T279,N,1664809248.0
T279,V,1664809697.0
T279,K,1664809801.0
T280,Q,1664803152.0
T280,B,1664804518.0
T280,Z,1664804748.0
T280,M,1664805069.0
T280,G,1664806973.0
T280,D,1664807868.0
T280,L,1664809669.0
T280,C,1664810485.0
T280,L,1664810972.0
T281,J,1664801551.0
T281,P,1664802802.0
T281,T,1664803569.0
T281,O,1664805144.0
T281,X,1664809572.0
T282,U,1664802139.0
T282,A,1664802672.0
T282,U,1664803324.0
T282,V,1664807070.0
T282,S,1664807291.0
T282,I,1664810138.0
T282,J,1664810443.0
T282,Z,1664811302.0
T283,F,1664803400.0
T283,B,1664805119.0
T283,E,1664808302.0
T283,S,1664808644.0
T283,D,1664809190.0
T284,I,1664805747.0
T284,D,1664805996.0
T284,I,1664806134.0
T284,E,1664809525.0
T284,G,1664810181.0
T284,U,1664811586.0
T285,G,1664802822.0
T285,Z,1664803151.0
T285,B,1664804365.0
T285,M,1664808241.0
T285,N,1664811739.0
T286,L,1664801393.0
T286,B,1664805616.0
T286,M,1664806705.0
T286,R,1664808856.0
T286,Y,1664808942.0
T286,J,1664809434.0
T286,V,1664810313.0
T286,K,1664810417.0
T287,N,1664804983.0
T287,M,1664805415.0
T287,E,1664807926.0
T287,S,1664808090.0
T287,V,1664808474.0
T287,U,1664811315.0
T288,H,1664801936.0
T288,D,1664802406.0
T288,I,1664804618.0
T288,Z,1664805238.0
T288,G,1664806363.0
T288,C,1664806436.0
T288,N,1664810065.0
T288,S,1664810157.0
T289,X,1664803007.0
T289,F,1664806118.0
T289,M,1664807120.0
T289,T,1664808780.0
T289,S,1664810493.0
T289,C,1664810703.0
T289,Y,1664811381.0
T290,I,1664801651.0
T290,O,1664803567.0
T290,V,1664804677.0
T290,E,1664806764.0
T290,J,1664807417.0
T290,R,1664811598.0
T290,H,1664811862.0
T291,K,1664803167.0
T291,Q,1664803417.0
T291,T,1664805620.0
T291,M,1664807531.0
T291,R,1664811731.0
T292,K,1664801681.0
T292,A,1664801802.0
T292,I,1664803221.0
T292,B,1664805235.0
T292,J,1664806058.0
T292,H,1664807980.0
T292,A,1664808542.0
T292,R,1664811146.0
T292,P,1664811746.0
T293,Q,1664801591.0
T293,K,1664807286.0
T293,K,1664809690.0
T293,Y,1664811173.0
T293,U,1664811519.0
T294,I,1664801436.0
T294,Z,1664803021.0
T294,Z,1664803259.0
T294,F,1664803311.0
T294,X,1664806752.0
T294,D,1664807516.0
T294,U,1664811084.0
T295,E,1664801933.0
T295,X,1664803430.0
T295,N,1664807986.0
T295,X,1664808265.0
T295,V,1664808646.0
T295,P,1664808840.0
T295,G,1664809334.0
T295,P,1664809819.0
T295,D,1664811579.0
T296,E,1664802490.0
T296,B,1664802964.0
T296,W,1664803887.0
T296,Z,1664804309.0
T296,S,1664805762.0
T296,P,1664807870.0
T296,C,1664810546.0
T296,P,1664811142.0
T297,Q,1664803294.0
T297,N,1664804069.0
T297,G,1664807973.0
T297,G,1664808128.0
T297,Q,1664810527.0
T297,T,1664811700.0
T298,W,1664804258.0
T298,T,1664804665.0
T298,M,1664805010.0
T298,F,1664805197.0
T298,X,1664807413.0
T298,S,1664808183.0
T298,Z,1664809226.0
T298,O,1664809298.0
T298,P,1664810769.0
T299,G,1664805468.0
T299,X,1664809563.0
T299,Z,1664810389.0
T299,H,1664810908.0
T299,S,1664811504.0
T299,H,1664811834.0
